District,ROI (%),ROI_Group,2020,2021,2022,2023,2024
ADUR,31.53,Top ROI,428079.67,450746.26,512341.24,508678.3,563059.6
ALLERDALE,-1.15,Low ROI,245759.61,273780.17,288084.04,242937.22,
AMBER VALLEY,16.58,Mid ROI,270233.35,296331.78,313840.73,313047.93,315025.05
ARUN,17.53,Mid ROI,438763.8,512731.13,557686.18,514995.42,515677.03
ASHFIELD,14.55,Mid ROI,224046.55,278844.26,256498.75,308228.15,256652.53
ASHFORD,-13.82,Low ROI,571957.51,865690.93,498071.24,539822.53,492896.3
BABERGH,32.72,Top ROI,431041.78,454340.27,452717.07,450598.36,572089.59
BARKING AND DAGENHAM,-47.29,Low ROI,1220578.31,1005493.01,1369622.23,884439.12,643427.45
BARNET,8.98,Mid ROI,1121139.91,1197430.15,1263654.55,1239039.91,1221771.95
BARNSLEY,16.8,Mid ROI,202624.45,240291.18,228021.58,244934.35,236669.11
BARROW-IN-FURNESS,0.12,Low ROI,226501.51,239514.22,238454.35,226767.51,
BASILDON,6.94,Mid ROI,611116.48,506545.14,652026.41,543983.44,653551.44
BASINGSTOKE AND DEANE,16.19,Mid ROI,539484.0,548784.66,646597.02,594844.56,626837.55
BASSETLAW,43.85,Top ROI,233363.37,356562.86,343079.49,258105.14,335683.22
BATH AND NORTH EAST SOMERSET,22.6,Mid ROI,541738.26,565331.25,673682.52,712763.19,664146.12
BEDFORD,-8.02,Low ROI,500342.62,546840.46,559881.95,512025.37,460197.26
BEXLEY,-6.47,Low ROI,567691.37,695639.05,682127.02,573526.75,530946.74
BIRMINGHAM,-0.3,Low ROI,404486.56,430311.54,503706.31,465574.29,403276.84
BLABY,-2.64,Low ROI,339982.79,358041.68,337136.5,372593.52,330995.34
BLACKBURN WITH DARWEN,-23.37,Low ROI,322756.03,301470.69,320748.57,322564.09,247318.92
BLACKPOOL,7.67,Mid ROI,174299.74,194125.97,195998.01,207971.53,187664.75
BLAENAU GWENT,29.27,Top ROI,178624.92,195507.24,200439.34,202476.26,230899.64
BOLSOVER,36.72,Top ROI,211604.68,238713.38,227508.81,279800.37,289310.94
BOLTON,5.3,Mid ROI,274205.22,268234.06,323924.17,340468.0,288741.66
BOSTON,14.19,Mid ROI,205487.93,244716.83,274338.11,248190.91,234643.06
"BOURNEMOUTH, CHRISTCHURCH AND POOLE",3.62,Low ROI,518851.95,524100.12,602851.21,574202.42,537639.84
BRACKNELL FOREST,-7.58,Low ROI,727142.08,720710.25,761253.4,827446.15,671990.82
BRADFORD,10.72,Mid ROI,258098.74,278323.43,290989.48,287975.96,285775.92
BRAINTREE,-3.64,Low ROI,497054.23,452983.64,497110.44,485982.09,478956.87
BRECKLAND,15.87,Mid ROI,314531.01,340593.31,360495.29,381153.33,364434.31
BRENT,-40.81,Low ROI,1719557.82,1509451.35,2068456.55,1214171.72,1017891.97
BRENTWOOD,-7.59,Low ROI,840692.92,767188.15,775834.07,812011.12,776905.83
BRIDGEND,29.01,Top ROI,217125.0,250223.68,266322.95,299834.5,280115.66
BRIGHTON AND HOVE,-10.7,Low ROI,766489.39,691639.12,824713.76,1402299.81,684466.22
BROADLAND,10.97,Mid ROI,323777.86,346944.29,397325.08,369144.87,359293.59
BROMLEY,8.35,Mid ROI,701126.95,776602.86,825643.82,831021.25,759659.02
BROMSGROVE,23.09,Top ROI,386004.63,445637.4,463604.65,471227.49,475144.54
BROXBOURNE,1.32,Low ROI,743834.64,920943.7,715850.07,659168.15,753626.08
BROXTOWE,-24.91,Low ROI,420075.0,309725.14,323663.44,305364.56,315450.91
BUCKINGHAMSHIRE,7.99,Mid ROI,669708.06,698751.19,803537.1,739966.97,723190.52
BURNLEY,-23.79,Low ROI,293982.15,206942.97,232928.21,215243.9,224037.54
BURY,19.46,Mid ROI,292336.88,295177.01,311110.28,326737.8,349237.06
CAERPHILLY,40.14,Top ROI,204117.02,232393.53,267546.21,240151.26,286043.17
CALDERDALE,10.18,Mid ROI,278323.85,302827.0,308052.2,294828.38,306657.87
CAMBRIDGE,-22.65,Low ROI,1190181.26,1079180.95,1289871.77,1220341.58,920613.19
CAMDEN,-38.06,Low ROI,5813878.43,5457696.83,5436073.24,4323106.04,3601354.98
CANNOCK CHASE,3.53,Low ROI,247061.25,253220.41,280293.8,276047.66,255778.53
CANTERBURY,2.69,Low ROI,464967.27,478547.03,467207.77,484527.89,477452.64
CARDIFF,41.52,Top ROI,461862.5,443272.82,481110.82,478514.32,653619.95
CARLISLE,-1.2,Low ROI,227027.07,231756.71,246924.93,224300.08,
CARMARTHENSHIRE,32.66,Top ROI,202709.25,247022.24,312888.65,254913.17,268904.21
CASTLE POINT,11.06,Mid ROI,359682.66,402642.58,428838.34,428409.05,399460.08
CENTRAL BEDFORDSHIRE,4.24,Low ROI,470754.28,512298.77,726001.83,499318.2,490737.39
CEREDIGION,23.9,Top ROI,242469.74,280626.36,329957.11,340913.68,300419.66
CHARNWOOD,28.8,Top ROI,314752.58,337804.23,411765.57,356233.91,405386.22
CHELMSFORD,-4.35,Low ROI,583283.81,588729.77,648078.54,623537.25,557909.51
CHELTENHAM,-4.72,Low ROI,569170.36,521951.64,567007.45,580753.17,542293.74
CHERWELL,17.32,Mid ROI,478554.19,526491.36,529729.86,901286.26,561459.45
CHESHIRE EAST,18.36,Mid ROI,378915.32,410494.98,438717.16,445075.98,448477.17
CHESHIRE WEST AND CHESTER,-2.13,Low ROI,375132.45,363269.67,376397.78,382135.25,367138.89
CHESTERFIELD,18.13,Mid ROI,224860.95,277802.17,262613.33,256272.88,265633.86
CHICHESTER,0.79,Low ROI,680148.98,671018.04,687640.95,710908.83,685535.33
CHORLEY,16.45,Mid ROI,264907.94,285488.14,305228.74,372859.71,308480.93
CITY OF BRISTOL,3.81,Low ROI,597590.15,646183.86,647726.26,736207.72,620358.77
CITY OF DERBY,29.92,Top ROI,236477.94,316011.82,313907.25,295749.41,307227.75
CITY OF KINGSTON UPON HULL,-3.54,Low ROI,223517.6,229487.97,243112.83,210689.57,215611.03
CITY OF LONDON,-7.26,Low ROI,8736303.08,15887978.05,11001080.47,17832464.85,8101960.93
CITY OF NOTTINGHAM,-13.38,Low ROI,437750.79,384058.11,400464.86,852947.11,379181.34
CITY OF PETERBOROUGH,2.45,Low ROI,352266.77,385989.6,450249.54,384808.39,360895.19
CITY OF PLYMOUTH,11.97,Mid ROI,279789.24,285156.25,347138.86,347827.55,313266.08
CITY OF WESTMINSTER,4.32,Low ROI,9309402.76,10054517.12,10038199.85,8900558.67,9711825.08
COLCHESTER,6.7,Mid ROI,409717.76,432769.49,461066.82,455707.37,437168.39
CONWY,15.78,Mid ROI,246041.68,271585.02,284696.0,284147.98,284859.92
COPELAND,14.17,Mid ROI,194265.85,211885.94,212809.44,221797.07,
CORBY,61.7,Top ROI,284299.71,459701.48,,,
CORNWALL,16.99,Mid ROI,366143.59,417836.75,462312.71,456805.45,428358.95
COTSWOLD,16.4,Mid ROI,648759.62,697063.59,818717.47,804408.88,755144.95
COUNTY DURHAM,-29.25,Low ROI,293738.32,219500.96,223406.44,232913.18,207814.68
COVENTRY,-13.67,Low ROI,477291.92,431994.57,655187.17,495508.14,412062.08
CRAVEN,36.69,Top ROI,383451.6,390169.22,419553.78,524131.14,
CRAWLEY,-28.49,Low ROI,840495.44,687718.27,1120456.82,718285.15,601049.97
CROYDON,7.24,Mid ROI,687160.03,741548.4,899603.52,1051984.44,736926.76
CUMBERLAND,-15.15,Low ROI,303408.24,283737.42,401497.32,258430.62,257451.29
DACORUM,2.7,Low ROI,734392.66,753419.04,872341.08,773244.29,754240.6
DARLINGTON,-12.94,Low ROI,294538.76,244178.37,247108.52,262652.27,256429.27
DARTFORD,-28.92,Low ROI,718395.18,688366.4,556010.89,742133.41,510660.0
DAVENTRY,0.15,Low ROI,404453.23,405047.14,,,
DENBIGHSHIRE,22.94,Top ROI,209965.9,307837.03,257013.77,268500.5,258127.57
DERBYSHIRE DALES,12.44,Mid ROI,385981.56,408604.5,461231.65,436394.12,433999.02
DONCASTER,11.84,Mid ROI,209964.6,242240.38,228074.37,241884.31,234816.04
DORSET,7.38,Mid ROI,442882.64,478143.85,517273.37,523215.8,475571.51
DOVER,11.68,Mid ROI,377435.56,428807.34,446434.6,425350.15,421513.74
DUDLEY,18.27,Mid ROI,260135.26,265527.45,282867.58,286564.06,307674.89
EALING,-13.4,Low ROI,1295620.07,1148549.23,1442047.09,1418381.85,1122026.58
EAST CAMBRIDGESHIRE,6.35,Mid ROI,409018.54,392391.83,428778.03,448959.12,435000.7
EAST DEVON,12.48,Mid ROI,435873.83,438546.32,487765.97,493597.57,490260.35
EAST HAMPSHIRE,4.81,Mid ROI,614693.4,613936.48,684016.4,654013.82,644285.13
EAST HERTFORDSHIRE,-0.08,Low ROI,660971.3,687750.14,718698.76,691882.05,660436.19
EAST LINDSEY,0.42,Low ROI,271224.03,259150.85,318910.84,273417.29,272358.27
EAST NORTHAMPTONSHIRE,25.12,Top ROI,319062.82,399203.29,,,
EAST RIDING OF YORKSHIRE,10.56,Mid ROI,261909.23,286174.4,311639.46,294265.3,289577.04
EAST STAFFORDSHIRE,-7.43,Low ROI,345744.45,313454.88,348481.28,352183.52,320040.62
EAST SUFFOLK,9.19,Mid ROI,359315.93,393854.85,416993.61,419172.48,392337.6
EASTBOURNE,45.62,Top ROI,413820.33,412998.64,469419.73,536766.2,602595.0
EASTLEIGH,6.14,Mid ROI,417879.98,437666.92,594242.91,512609.68,443553.93
EDEN,4.56,Mid ROI,321323.43,369173.89,373714.91,335965.86,
ELMBRIDGE,10.41,Mid ROI,1213160.75,1307265.92,1616312.91,1567453.21,1339417.25
ENFIELD,-3.84,Low ROI,976122.76,928730.01,949009.11,1178977.35,938663.64
EPPING FOREST,19.52,Mid ROI,720134.0,787218.45,812430.03,768431.5,860708.21
EPSOM AND EWELL,4.02,Low ROI,719437.38,729812.31,838994.07,728659.08,748332.56
EREWASH,14.89,Mid ROI,235811.41,242607.39,269851.46,285000.41,270934.8
EXETER,-2.18,Low ROI,496440.55,506408.8,701359.84,609445.82,485642.89
FAREHAM,16.35,Mid ROI,429664.38,439992.99,501013.37,520141.04,499916.17
FENLAND,3.35,Low ROI,261586.09,282695.33,313052.44,296243.6,270359.32
FLINTSHIRE,8.31,Mid ROI,234625.37,251757.3,290583.54,268961.25,254117.09
FOLKESTONE AND HYTHE,-14.67,Low ROI,524613.99,465451.19,568980.89,502899.12,447674.65
FOREST OF DEAN,26.83,Top ROI,317439.15,351359.96,369812.11,398744.91,402597.68
FYLDE,3.6,Low ROI,313433.05,292444.49,329402.31,339521.27,324707.14
GATESHEAD,-9.94,Low ROI,254947.0,238970.62,227965.2,238680.58,229593.73
GEDLING,20.02,Mid ROI,256796.92,306659.09,303320.47,313861.55,308202.26
GLOUCESTER,19.82,Mid ROI,296714.65,371094.66,336795.13,389070.38,355533.9
GOSPORT,5.9,Mid ROI,336392.71,351017.95,403810.5,416624.75,356249.23
GRAVESHAM,36.94,Top ROI,449890.2,522023.3,535442.74,532117.89,616087.46
GREAT YARMOUTH,25.23,Top ROI,212249.8,249622.41,312367.98,293157.58,265794.1
GREENWICH,-34.02,Low ROI,1492638.64,879496.09,1078540.52,899264.28,984812.05
GUILDFORD,-1.39,Low ROI,788163.86,770157.58,858349.13,835327.77,777194.78
GWYNEDD,21.94,Mid ROI,245137.89,285768.2,360689.84,334300.36,298909.26
HACKNEY,-28.99,Low ROI,2410081.66,2064185.56,2701404.78,1232204.15,1711356.66
HALTON,48.37,Top ROI,220898.16,284015.27,403048.13,346170.79,327741.35
HAMBLETON,32.08,Top ROI,326830.69,384615.03,413842.81,431690.96,
HAMMERSMITH AND FULHAM,-13.63,Low ROI,2067638.31,2086869.0,2507177.65,1815843.34,1785799.46
HARBOROUGH,-28.77,Low ROI,589319.0,557917.47,480640.34,458126.33,419758.16
HARINGEY,-14.13,Low ROI,1486099.31,1415591.34,1580781.58,1825851.33,1276180.95
HARLOW,4.69,Mid ROI,520273.63,509531.79,665302.7,534261.12,544674.29
HARROGATE,27.48,Top ROI,438361.74,481208.44,550729.75,558806.76,
HARROW,13.32,Mid ROI,725868.37,916234.4,789228.48,801480.26,822528.09
HART,4.49,Mid ROI,634239.45,647970.19,763600.85,669038.47,662694.49
HARTLEPOOL,14.48,Mid ROI,210819.17,217439.46,232023.38,248083.49,241341.36
HASTINGS,24.45,Top ROI,333879.04,390094.09,497317.71,422110.21,415526.64
HAVANT,10.4,Mid ROI,408659.5,444905.73,483170.63,459252.75,451146.17
HAVERING,5.77,Mid ROI,539905.77,578850.76,754689.17,603685.81,571044.26
HEREFORDSHIRE,25.45,Top ROI,345016.97,403054.96,421248.86,476835.77,432808.81
HERTSMERE,-2.46,Low ROI,991067.06,836869.44,1014127.27,1021486.97,966665.54
HIGH PEAK,14.73,Mid ROI,303202.79,314647.43,349343.28,370296.17,347878.38
HILLINGDON,-10.76,Low ROI,776724.01,864805.3,1195834.02,968557.01,693134.32
HINCKLEY AND BOSWORTH,-16.19,Low ROI,387699.75,381526.95,349984.73,366883.85,324943.12
HORSHAM,5.77,Mid ROI,604235.71,636936.78,701629.85,684824.31,639126.54
HOUNSLOW,-22.15,Low ROI,1149905.34,1254451.24,1247255.6,1194723.68,895160.3
HUNTINGDONSHIRE,3.45,Low ROI,409202.53,415461.43,495447.1,426256.44,423316.26
HYNDBURN,13.33,Mid ROI,194751.1,232394.69,261806.7,222223.26,220712.13
IPSWICH,-6.25,Low ROI,383317.01,367145.79,418113.04,337608.22,359369.72
ISLE OF ANGLESEY,19.85,Mid ROI,254579.42,286197.62,328593.04,377104.9,305114.1
ISLE OF WIGHT,20.27,Mid ROI,321177.88,352411.47,380202.58,396605.32,386281.05
ISLES OF SCILLY,30.51,Top ROI,486832.14,373500.0,415555.56,431607.14,635375.0
ISLINGTON,-57.68,Low ROI,6050136.94,5985079.39,3344133.77,3669027.35,2560465.48
KENSINGTON AND CHELSEA,5.46,Mid ROI,4406527.27,5123732.9,6286389.36,6267675.07,4647201.63
KETTERING,-0.04,Low ROI,322828.0,322702.27,,,
KING'S LYNN AND WEST NORFOLK,-0.91,Low ROI,357115.4,347310.32,383566.51,383132.4,353864.53
KINGSTON UPON THAMES,-8.56,Low ROI,996398.62,891363.37,1086966.36,1066010.77,911087.35
KIRKLEES,-2.48,Low ROI,312637.82,290580.02,297924.56,314354.87,304886.9
KNOWSLEY,47.31,Top ROI,200672.31,262580.42,240769.18,268036.53,295610.37
LAMBETH,-19.15,Low ROI,1685009.23,1449951.01,1357746.69,1191724.42,1362387.52
LANCASTER,15.86,Mid ROI,250030.35,270875.57,286727.96,318861.48,289677.97
LEEDS,2.83,Low ROI,355583.23,390517.01,405113.45,438003.57,365646.05
LEICESTER,5.6,Mid ROI,371826.1,334800.74,358321.05,495439.83,392635.01
LEWES,11.08,Mid ROI,466211.63,526659.33,583276.28,595671.74,517852.35
LEWISHAM,-1.05,Low ROI,843498.33,1107686.34,1126061.49,806753.13,834629.11
LICHFIELD,-21.06,Low ROI,511199.17,421159.5,469981.69,470531.8,403547.1
LINCOLN,20.31,Mid ROI,243430.88,322362.89,293745.87,360632.91,292871.42
LIVERPOOL,8.1,Mid ROI,366115.16,354718.85,338560.62,468713.2,395759.7
LUTON,9.57,Mid ROI,376269.03,413581.27,426015.64,430626.83,412278.6
MAIDSTONE,-22.81,Low ROI,617520.42,608400.8,576937.95,481576.52,476667.26
MALDON,10.16,Mid ROI,429687.91,482805.83,494841.12,463867.89,473359.12
MALVERN HILLS,15.6,Mid ROI,373105.49,405989.48,475333.02,449292.45,431311.45
MANCHESTER,8.29,Mid ROI,449374.52,682145.08,589620.76,640075.69,486633.15
MANSFIELD,12.38,Mid ROI,227197.76,219286.95,249811.06,243509.98,255329.61
MEDWAY,-13.12,Low ROI,471013.94,405051.29,422113.47,448171.85,409224.43
MELTON,-25.53,Low ROI,471295.16,366130.52,376416.34,350403.53,350980.18
MENDIP,30.38,Top ROI,413567.92,447452.89,486864.41,539195.89,
MERTHYR TYDFIL,20.82,Mid ROI,197012.6,260572.77,232389.62,231538.76,238039.43
MERTON,12.02,Mid ROI,1209728.61,1595965.95,1774328.73,1352906.8,1355090.38
MID DEVON,12.04,Mid ROI,373833.57,400785.01,470063.07,440233.46,418829.55
MID SUFFOLK,19.93,Mid ROI,350525.45,403984.2,497731.35,537462.41,420386.18
MID SUSSEX,10.72,Mid ROI,581854.45,604095.8,672687.55,646199.06,644243.15
MIDDLESBROUGH,-12.69,Low ROI,234014.4,245607.61,212430.67,205886.68,204325.39
MILTON KEYNES,8.73,Mid ROI,493828.74,577195.73,775252.35,521921.87,536933.28
MOLE VALLEY,4.61,Mid ROI,779505.13,828436.32,863018.58,896081.64,815450.02
MONMOUTHSHIRE,-5.92,Low ROI,449122.48,410777.9,429273.17,420925.38,422532.06
NEATH PORT TALBOT,34.8,Top ROI,164571.48,187037.49,204599.23,203849.6,221836.77
NEW FOREST,7.92,Mid ROI,552580.78,563211.14,648923.92,652062.05,596320.33
NEWARK AND SHERWOOD,15.52,Mid ROI,274074.29,293198.09,312069.13,315671.0,316611.15
NEWCASTLE UPON TYNE,-13.73,Low ROI,428350.38,341082.35,386568.94,407189.84,369546.33
NEWCASTLE-UNDER-LYME,15.51,Mid ROI,232092.25,287671.92,289720.38,272075.57,268086.24
NEWHAM,-83.66,Low ROI,3885090.79,2837940.42,2918400.6,1525894.03,634801.22
NEWPORT,21.56,Mid ROI,292800.6,321227.29,324824.24,317998.04,355941.45
NORTH DEVON,26.82,Top ROI,349966.94,420109.17,447873.0,468783.11,443836.25
NORTH EAST DERBYSHIRE,7.19,Mid ROI,271110.81,304655.59,309399.63,294778.57,290611.39
NORTH EAST LINCOLNSHIRE,6.92,Mid ROI,201664.62,209975.76,240257.51,233103.46,215621.03
NORTH HERTFORDSHIRE,4.52,Mid ROI,594897.22,684839.09,665143.76,667680.04,621808.82
NORTH KESTEVEN,7.12,Mid ROI,263159.72,289123.03,299742.73,303487.55,281884.5
NORTH LINCOLNSHIRE,8.19,Mid ROI,201898.15,214045.45,221342.98,225106.33,218431.44
NORTH NORFOLK,18.47,Mid ROI,355425.7,395653.85,441141.71,420512.66,421058.58
NORTH NORTHAMPTONSHIRE,-26.72,Low ROI,476693.09,372054.87,493239.42,393062.49,349316.23
NORTH SOMERSET,9.64,Mid ROI,400328.44,417110.46,456461.94,475167.37,438922.03
NORTH TYNESIDE,2.83,Low ROI,277532.0,277523.04,313428.66,318169.25,285396.49
NORTH WARWICKSHIRE,1.33,Low ROI,350514.97,420508.61,451279.73,418687.19,355190.26
NORTH WEST LEICESTERSHIRE,12.56,Mid ROI,345859.54,472462.48,403803.21,571767.61,389314.73
NORTH YORKSHIRE,-6.5,Low ROI,431070.34,451564.11,404804.13,412892.7,403069.1
NORTHAMPTON,-11.02,Low ROI,362381.49,322429.62,,,
NORTHUMBERLAND,4.78,Mid ROI,308713.97,302293.3,310263.54,336547.12,323465.44
NORWICH,-5.31,Low ROI,397486.56,417944.58,501305.05,388844.6,376371.51
NUNEATON AND BEDWORTH,6.03,Mid ROI,282410.3,328925.23,330846.34,293664.52,299452.3
OADBY AND WIGSTON,5.39,Mid ROI,324865.82,320563.28,349919.55,368795.02,342383.89
OLDHAM,27.92,Top ROI,232226.98,286519.56,271552.78,349351.78,297074.67
OXFORD,-23.48,Low ROI,1151975.33,992337.84,1509593.95,1110520.02,881440.78
PEMBROKESHIRE,27.01,Top ROI,243791.48,285234.28,326637.42,315209.4,309632.56
PENDLE,24.85,Top ROI,223012.11,270605.49,275905.49,280796.2,278431.82
PORTSMOUTH,-10.12,Low ROI,695648.71,426510.04,504254.02,456182.62,625267.35
POWYS,19.57,Mid ROI,267288.05,303188.1,374948.74,328404.92,319595.47
PRESTON,4.32,Low ROI,273256.67,353224.23,291109.76,334956.19,285067.88
READING,15.25,Mid ROI,609304.7,672094.62,973347.33,683268.32,702239.9
REDBRIDGE,15.64,Mid ROI,713094.16,718412.68,766043.06,805238.51,824594.73
REDCAR AND CLEVELAND,14.29,Mid ROI,181649.89,199535.88,203331.35,207668.15,207603.91
REDDITCH,36.68,Top ROI,313071.38,334082.11,336186.16,351711.44,427918.51
REIGATE AND BANSTEAD,-10.19,Low ROI,841485.42,713931.35,796324.74,830149.72,755753.91
RHONDDA CYNON TAFF,25.81,Top ROI,195960.63,222411.14,242518.47,259169.58,246543.39
RIBBLE VALLEY,17.71,Mid ROI,336017.52,389366.43,395604.22,424752.68,395514.56
RICHMOND UPON THAMES,6.99,Mid ROI,1320547.61,1489791.76,1499855.86,1673158.88,1412883.07
RICHMONDSHIRE,9.06,Mid ROI,303425.8,356456.37,394526.02,330916.67,
ROCHDALE,34.51,Top ROI,219089.4,357801.46,272283.56,291671.79,294706.54
ROCHFORD,-8.96,Low ROI,512540.02,476633.49,507952.01,479963.5,466596.32
ROSSENDALE,42.51,Top ROI,227130.94,277222.74,291048.94,286123.98,323678.63
ROTHER,23.18,Top ROI,429668.88,509658.72,539475.86,552761.27,529276.62
ROTHERHAM,20.57,Mid ROI,207133.51,234522.68,256407.76,257362.06,249742.41
RUGBY,17.72,Mid ROI,372385.97,391887.42,679175.65,395446.48,438387.4
RUNNYMEDE,-26.49,Low ROI,1079393.62,1090007.4,1315042.76,1067085.59,793515.91
RUSHCLIFFE,3.24,Low ROI,433949.06,406513.65,442944.71,424268.67,447996.86
RUSHMOOR,10.55,Mid ROI,460349.82,512336.39,605131.32,637541.22,508924.12
RUTLAND,22.15,Mid ROI,425790.8,486443.0,515839.06,493000.35,520115.89
RYEDALE,24.52,Top ROI,361652.16,424798.87,389686.8,450332.17,
SALFORD,11.44,Mid ROI,361535.73,396323.53,471475.15,352369.27,402900.31
SANDWELL,17.45,Mid ROI,221197.08,260618.51,276846.38,282642.21,259786.55
SCARBOROUGH,12.21,Mid ROI,251969.69,273461.05,313174.85,282734.4,
SEDGEMOOR,22.85,Top ROI,313313.28,368541.47,449471.07,384911.39,
SEFTON,2.86,Low ROI,294461.3,274098.36,299934.99,324908.88,302878.01
SELBY,1.96,Low ROI,287940.66,303570.47,327472.39,293577.69,
SEVENOAKS,2.95,Low ROI,758213.15,726964.05,824694.78,762642.63,780544.09
SHEFFIELD,32.65,Top ROI,298405.09,456983.55,361813.64,343919.15,395847.66
SHROPSHIRE,16.29,Mid ROI,317758.56,355973.74,378927.68,369507.52,369533.65
SLOUGH,-10.01,Low ROI,831166.87,881124.53,1037682.59,1295423.43,747959.42
SOLIHULL,3.82,Low ROI,467323.48,511158.79,538490.98,513317.57,485185.77
SOMERSET,-17.68,Low ROI,506323.33,496717.48,452449.85,445594.62,416830.15
SOMERSET WEST AND TAUNTON,10.53,Mid ROI,381631.52,391995.84,484639.16,421809.46,
SOUTH CAMBRIDGESHIRE,5.24,Mid ROI,539959.28,674086.71,634204.02,634345.75,568247.29
SOUTH DERBYSHIRE,18.6,Mid ROI,268872.82,311496.7,319275.64,320601.47,318889.55
SOUTH GLOUCESTERSHIRE,0.59,Low ROI,490874.14,452497.71,521402.13,506160.48,493758.43
SOUTH HAMS,19.29,Mid ROI,458567.78,532857.24,569790.46,559544.48,547038.11
SOUTH HOLLAND,17.87,Mid ROI,232100.95,259566.58,281592.6,273531.67,273577.1
SOUTH KESTEVEN,0.54,Low ROI,343514.62,341927.7,356189.82,361693.29,345381.11
SOUTH LAKELAND,7.92,Mid ROI,382918.24,399004.15,475846.61,413264.19,
SOUTH NORFOLK,14.38,Mid ROI,340761.18,372249.01,409357.18,398406.52,389765.69
SOUTH NORTHAMPTONSHIRE,1.08,Low ROI,422124.21,426671.67,,,
SOUTH OXFORDSHIRE,-9.61,Low ROI,760419.82,860845.94,715278.83,754966.57,687376.34
SOUTH RIBBLE,4.44,Mid ROI,271518.9,255464.77,267537.41,332908.14,283586.9
SOUTH SOMERSET,17.76,Mid ROI,355577.27,401730.97,435178.7,418738.77,
SOUTH STAFFORDSHIRE,4.31,Low ROI,339388.17,384661.72,383478.89,347821.94,354029.67
SOUTH TYNESIDE,-41.64,Low ROI,381165.46,204217.73,215271.19,271839.63,222466.39
SOUTHAMPTON,2.34,Low ROI,440872.6,383415.9,429387.82,447360.06,451181.34
SOUTHEND-ON-SEA,7.69,Mid ROI,436709.86,469103.45,509074.2,501117.02,470308.77
SOUTHWARK,-48.55,Low ROI,3708218.78,2815551.35,2781324.06,2558241.53,1907708.9
SPELTHORNE,-25.13,Low ROI,841151.64,610259.02,742409.09,650482.0,629771.87
ST ALBANS,24.08,Top ROI,825674.56,932730.29,996326.11,972583.45,1024501.53
ST HELENS,30.26,Top ROI,287746.09,226291.81,257923.96,245038.51,374806.26
STAFFORD,14.77,Mid ROI,302886.14,363430.67,373781.07,372268.98,347630.52
STAFFORDSHIRE MOORLANDS,12.96,Mid ROI,255121.19,291125.31,463403.73,288208.87,288175.18
STEVENAGE,-1.13,Low ROI,593886.64,450728.4,592627.34,708697.97,587203.76
STOCKPORT,5.05,Mid ROI,393078.67,392610.13,427558.51,406843.86,412941.24
STOCKTON-ON-TEES,-1.47,Low ROI,239347.89,260360.79,247835.43,245841.35,235822.98
STOKE-ON-TRENT,3.89,Low ROI,243917.91,299132.84,207950.74,214592.27,253408.77
STRATFORD-ON-AVON,-4.72,Low ROI,536961.25,525525.38,535908.42,524940.39,511630.35
STROUD,13.77,Mid ROI,424683.43,458228.0,484240.82,504018.83,483149.24
SUNDERLAND,-31.85,Low ROI,304465.12,266928.26,244588.56,231425.67,207490.93
SURREY HEATH,-4.29,Low ROI,767689.53,665035.52,693114.44,706502.35,734787.87
SUTTON,3.33,Low ROI,718707.53,689318.82,796252.47,824714.64,742607.72
SWALE,-10.21,Low ROI,466039.12,442863.47,436007.36,468465.43,418470.45
SWANSEA,29.66,Top ROI,230518.08,320038.52,285459.83,282920.59,298882.79
SWINDON,13.31,Mid ROI,377782.22,378215.88,515298.56,434058.58,428060.12
TAMESIDE,26.81,Top ROI,227069.22,249520.24,263086.44,278049.64,287944.97
TAMWORTH,23.47,Top ROI,285379.65,301026.21,405677.77,315426.15,352366.14
TANDRIDGE,1.95,Low ROI,695512.67,718809.02,759460.05,758599.92,709093.9
TEIGNBRIDGE,10.86,Mid ROI,383472.79,408896.82,452354.41,449021.76,425114.09
TENDRING,0.36,Low ROI,333577.96,334025.61,379496.87,370405.33,334789.19
TEST VALLEY,17.38,Mid ROI,491746.16,596339.17,616277.75,597966.72,577234.09
TEWKESBURY,6.74,Mid ROI,439774.31,484631.82,610395.31,468736.5,469429.56
THANET,7.88,Mid ROI,357361.42,425661.48,447806.07,799364.21,385511.45
THE VALE OF GLAMORGAN,15.29,Mid ROI,350372.68,380804.94,426098.37,423990.85,403952.65
THREE RIVERS,15.6,Mid ROI,788306.95,864150.31,947643.82,880979.52,911271.87
THURROCK,-11.6,Low ROI,577948.27,502429.84,546165.05,609718.18,510920.63
TONBRIDGE AND MALLING,0.75,Low ROI,575966.26,707508.33,649690.01,604026.19,580268.1
TORBAY,9.56,Mid ROI,342040.49,354712.3,420107.32,400445.93,374740.91
TORFAEN,37.63,Top ROI,240065.14,271282.84,347086.42,306681.51,330394.52
TORRIDGE,15.19,Mid ROI,350769.81,370117.44,432519.1,383045.38,404048.82
TOWER HAMLETS,-41.57,Low ROI,13221231.26,8457332.17,2605741.61,4778428.77,7724949.27
TRAFFORD,-1.97,Low ROI,594284.05,528457.07,673097.14,635366.44,582577.91
TUNBRIDGE WELLS,-27.49,Low ROI,974452.14,748561.18,755217.6,757994.2,706586.94
UTTLESFORD,4.64,Mid ROI,603103.98,634817.27,665811.44,636008.08,631108.7
VALE OF WHITE HORSE,-2.65,Low ROI,548784.44,634937.41,636512.51,589977.64,534250.48
WAKEFIELD,-3.75,Low ROI,285336.5,299195.89,308070.2,294164.24,274622.48
WALSALL,5.72,Mid ROI,261699.92,293550.77,278313.81,314649.89,276678.89
WALTHAM FOREST,-11.87,Low ROI,771752.45,728891.38,824440.7,926569.64,680113.58
WANDSWORTH,0.51,Low ROI,1602396.49,2768816.4,2055593.55,1652626.77,1610554.03
WARRINGTON,28.06,Top ROI,341178.41,420651.93,401849.51,427765.81,436919.81
WARWICK,-5.35,Low ROI,621461.65,519693.83,528899.42,535695.61,588216.75
WATFORD,20.07,Mid ROI,719209.36,860854.55,883498.39,794386.49,863535.13
WAVERLEY,9.83,Mid ROI,768316.08,831526.68,923509.24,886087.08,843857.57
WEALDEN,6.72,Mid ROI,515665.87,570087.42,595453.36,588185.48,550319.76
WELLINGBOROUGH,-9.89,Low ROI,321855.51,290030.23,,,
WELWYN HATFIELD,-0.04,Low ROI,787094.22,728980.24,953734.63,947192.01,786812.54
WEST BERKSHIRE,12.09,Mid ROI,595521.94,581631.95,636655.96,720764.35,667547.99
WEST DEVON,11.99,Mid ROI,367197.4,433787.39,430721.43,450475.49,411218.27
WEST LANCASHIRE,28.9,Top ROI,269591.53,364013.14,352545.52,386492.76,347500.13
WEST LINDSEY,6.69,Mid ROI,268451.07,275488.19,306901.22,298398.08,286413.69
WEST NORTHAMPTONSHIRE,-43.66,Low ROI,844758.71,423315.48,684613.96,479875.19,475969.08
WEST OXFORDSHIRE,19.22,Mid ROI,532156.44,635780.19,621590.61,600158.73,634432.11
WEST SUFFOLK,-32.27,Low ROI,585393.21,412825.79,495494.92,434859.43,396482.46
WESTMORLAND AND FURNESS,-26.85,Low ROI,485668.47,333689.78,421450.05,383269.68,355290.32
WIGAN,0.48,Low ROI,244484.7,254064.8,248388.48,257714.12,245668.99
WILTSHIRE,5.35,Mid ROI,437818.44,454423.78,500688.35,485030.39,461249.21
WINCHESTER,4.99,Mid ROI,686845.97,749119.3,751894.56,758911.47,721114.27
WINDSOR AND MAIDENHEAD,10.76,Mid ROI,949805.94,932047.65,1004379.53,997621.02,1052024.18
WIRRAL,9.3,Mid ROI,281945.83,307749.13,362169.83,309949.95,308162.98
WOKING,15.96,Mid ROI,682813.86,851628.57,966082.54,796781.35,791791.73
WOKINGHAM,0.16,Low ROI,633891.31,611580.71,708420.58,642367.22,634919.39
WOLVERHAMPTON,26.82,Top ROI,221819.64,259622.85,1069419.17,303021.88,281307.01
WORCESTER,-12.25,Low ROI,461549.14,354928.67,345879.45,391906.86,405013.29
WORTHING,12.28,Mid ROI,456294.95,499458.32,542568.21,484944.78,512327.46
WREKIN,8.38,Mid ROI,279375.83,286896.16,305432.37,282942.75,302794.98
WREXHAM,18.28,Mid ROI,226770.36,351811.25,292365.38,275291.12,268232.07
WYCHAVON,13.52,Mid ROI,422021.57,422580.53,469816.39,459089.14,479063.34
WYRE,11.02,Mid ROI,233108.1,261428.67,271256.36,282290.48,258790.46
WYRE FOREST,5.4,Mid ROI,320351.09,325937.56,361024.5,359352.94,337655.06
YORK,44.64,Top ROI,384422.08,440669.03,451548.9,534050.72,556010.94
