LAD_name,Investment_Potential_Score,Top1_Feature,Top1_Dir,Top1_SignedSHAP,Top2_Feature,Top2_Dir,Top2_SignedSHAP,Top3_Feature,Top3_Dir,Top3_SignedSHAP
Adur,18.43861414268692,%=CQC RequiresImprovement,↓,-6.998832580826554,House=Price Growth %,↑,6.476392878560234,%=CQC Good,↓,-1.472572284209536
Amber Valley,16.089059564433466,House=Price Growth %,↑,3.850112044348708,%=CQC RequiresImprovement,↓,-1.1044238632535863,%=CQC Good,↓,-0.5788880024328956
Arun,17.866489075217455,House=Price Growth %,↑,3.0759412085397524,%=CQC RequiresImprovement,↑,2.783235840156582,%=CQC Good,↓,-1.260577781597434
Ashfield,14.367368201344105,%=CQC RequiresImprovement,↓,-6.193156429034858,House=Price Growth %,↑,3.3829836234637742,%=CQC Good,↓,-0.7448858292621192
Ashford,7.52489147538668,%=CQC RequiresImprovement,↓,-6.996173356517096,House=Price Growth %,↓,-3.8880951509883097,%=CQC Good,↓,-1.9396044545547428
Babergh,21.299046786762556,House=Price Growth %,↑,6.240875889707887,%=CQC RequiresImprovement,↓,-5.193947100515313,%=CQC Good,↓,-1.3582979933673305
Barking And Dagenham,,House=Price Growth %,↓,-10.968272988920454,%=CQC RequiresImprovement,↓,-5.544516905943198,Percent=65plus,↓,-1.350495791687004
Barnet,15.136634987077866,%=CQC RequiresImprovement,↑,2.814324363267512,House=Price Growth %,↑,1.4271207124951877,%=CQC Good,↓,-1.139541439789563
Barnsley,14.852479936619035,House=Price Growth %,↑,4.107091385555439,%=CQC Inadequate,↑,0.4327335771942399,%=CQC RequiresImprovement,↓,-0.224495168625676
Basildon,11.08512422471292,%=CQC RequiresImprovement,↑,2.8986390668898103,%=CQC Good,↓,-0.507421670668572,Care=Homes per 10k,↓,-0.2926257284323139
Basingstoke And Deane,,%=CQC RequiresImprovement,↓,-6.517325128034895,House=Price Growth %,↑,3.467333361384881,%=CQC Good,↓,-0.7707656856637325
Bassetlaw,21.46123750549591,%=CQC RequiresImprovement,↑,7.316644199788933,House=Price Growth %,↑,5.994228061006201,%=CQC Good,↑,1.5921453734276774
Bath And North East Somerset,,House=Price Growth %,↑,4.88178770948575,%=CQC Good,↓,-1.1337347405591212,%=CQC Outstanding,↑,0.1888432034139383
Bedford,9.67496495840679,%=CQC RequiresImprovement,↑,4.733414144727926,House=Price Growth %,↓,-3.197232892735021,%=CQC Good,↑,0.6554242057947696
Bexley,10.101239603568938,House=Price Growth %,↓,-2.66488699486108,%=CQC Inadequate,↑,0.8132971712068537,%=CQC RequiresImprovement,↓,-0.4101317536376515
Birmingham,9.46762361615332,%=CQC RequiresImprovement,↑,5.514313099247066,House=Price Growth %,↓,-1.9668463281919597,Percent=65plus,↓,-0.9563562836161842
Blaby,9.819227535644693,%=CQC RequiresImprovement,↓,-5.930708241326014,House=Price Growth %,↓,-2.109446484133082,%=CQC Good,↓,-1.1620428914461858
Blackburn With Darwen,,House=Price Growth %,↓,-5.713471701433908,%=CQC RequiresImprovement,↑,4.46890887464047,Percent=65plus,↓,-0.7447006467264329
Blackpool,12.15513838551829,%=CQC RequiresImprovement,↑,3.71969620956268,GDHI=per head 2022,↓,-0.3902099745512888,%=CQC Outstanding,↓,-0.3242547089280578
Bolsover,19.409718395316347,House=Price Growth %,↑,7.029549913167865,%=CQC RequiresImprovement,↓,-5.188965304299173,%=CQC Good,↓,-1.3035437968287975
Bolton,12.878970358834394,%=CQC RequiresImprovement,↑,3.9624007891915465,House=Price Growth %,↓,-1.3461013832770905,GDHI=per head 2022,↓,-0.4142811982945541
Boston,14.292219038658256,House=Price Growth %,↑,4.259694053020085,%=CQC RequiresImprovement,↓,-1.2599236561238203,%=CQC Inadequate,↑,0.6807682720038444
Bournemouth Christchurch And Poole,,%=CQC RequiresImprovement,↓,-7.9832552797449985,%=CQC Good,↓,-1.7702771686656966,House=Price Growth %,↓,-1.0913044758588808
Bracknell Forest,9.134834222495083,%=CQC RequiresImprovement,↑,10.752936771464856,%=CQC Good,↑,5.588216129888894,House=Price Growth %,↓,-3.873582033047162
Bradford,11.623750729769394,%=CQC RequiresImprovement,↑,4.564021579138043,House=Price Growth %,↑,1.959191518207405,Percent=65plus,↓,-0.61472611191656
Braintree,9.839020891487673,%=CQC RequiresImprovement,↑,4.4185464518107045,House=Price Growth %,↓,-2.639115811913716,%=CQC Good,↓,-0.7802064721596405
Breckland,15.805635867125115,%=CQC RequiresImprovement,↑,6.9804028659376085,House=Price Growth %,↑,3.4702782250418536,%=CQC Good,↑,3.443363323729739
Brent,3.747792941506098,House=Price Growth %,↓,-10.69632052067554,%=CQC RequiresImprovement,↓,-5.492026309212939,Percent=65plus,↓,-1.1392909874889574
Brentwood,10.001699954216903,%=CQC RequiresImprovement,↑,6.676074929018398,House=Price Growth %,↓,-3.137534118660441,%=CQC Good,↑,1.1614957810066102
Brighton And Hove,,House=Price Growth %,↓,-3.6176566886928914,%=CQC RequiresImprovement,↓,-3.074982709639562,Percent=65plus,↓,-0.7359417096695033
Bristol City Of,,%=CQC RequiresImprovement,↓,-8.407875108948407,%=CQC Good,↓,-1.8480637574862355,Percent=65plus,↓,-1.2296607878455346
Broadland,15.528722945073609,%=CQC RequiresImprovement,↑,8.634402129034736,House=Price Growth %,↑,2.326479046668485,%=CQC Good,↑,1.351667474009456
Bromley,13.688101077167422,%=CQC RequiresImprovement,↓,-5.338202597230541,House=Price Growth %,↑,2.260902951772119,%=CQC Good,↓,-1.0138603570035944
Bromsgrove,17.44507698567908,House=Price Growth %,↑,4.8787149549224615,%=CQC RequiresImprovement,↓,-1.187954275913768,%=CQC Good,↓,-0.6355577798226721
Broxbourne,10.727427447021595,%=CQC RequiresImprovement,↑,3.8872091097502506,House=Price Growth %,↓,-1.3887422590020249,%=CQC Good,↑,0.7316696042815044
Broxtowe,4.628672741664079,%=CQC RequiresImprovement,↑,7.686552971571888,House=Price Growth %,↓,-5.868236594887588,%=CQC Good,↑,2.908179863230356
Buckinghamshire,14.115072169986435,%=CQC RequiresImprovement,↑,6.730683993542431,%=CQC Good,↑,1.502760062807163,House=Price Growth %,↑,0.6089586138216017
Burnley,5.245380618719755,House=Price Growth %,↓,-5.747393073278176,%=CQC RequiresImprovement,↓,-0.4761984454934084,%=CQC Good,↓,-0.4173988298403867
Bury,15.708880873240403,%=CQC RequiresImprovement,↓,-6.969406943029592,House=Price Growth %,↑,3.591581994752472,%=CQC Good,↓,-1.0061036965672518
Calderdale,13.916488136327072,House=Price Growth %,↑,3.790750439139029,%=CQC RequiresImprovement,↓,-2.224781345134142,%=CQC Good,↓,-0.7893673426400216
Cambridge,4.621630081200888,%=CQC RequiresImprovement,↓,-7.803651786914154,House=Price Growth %,↓,-4.7309519291186914,%=CQC Good,↓,-2.007435295011874
Camden,8.592220793562499,%=CQC RequiresImprovement,↑,11.633949537656676,House=Price Growth %,↓,-7.790318477679413,%=CQC Good,↑,2.2287246360317527
Cannock Chase,10.780139837863956,%=CQC RequiresImprovement,↑,6.221959408776423,House=Price Growth %,↓,-1.690082231983847,%=CQC Good,↑,0.6725329730016205
Canterbury,11.845618913098075,%=CQC RequiresImprovement,↑,3.297692189341164,House=Price Growth %,↓,-1.0905733961071438,%=CQC Inadequate,↑,0.6269848007217871
Castle Point,15.53798297942542,%=CQC RequiresImprovement,↑,7.285152038969472,House=Price Growth %,↑,2.401439068900448,Percent=65plus,↑,0.7136269207390952
Central Bedfordshire,11.840142834080734,%=CQC RequiresImprovement,↑,3.791624139975149,House=Price Growth %,↓,-1.037559390174821,%=CQC Inadequate,↑,0.6322846240736475
Charnwood,17.97514296342946,House=Price Growth %,↑,5.21208996308896,%=CQC RequiresImprovement,↑,3.412895807009056,%=CQC Good,↓,-0.9570769642129608
Chelmsford,8.786748216776418,House=Price Growth %,↓,-2.8336373758528524,%=CQC Good,↓,-0.3623411449930285,%=CQC Inadequate,↓,-0.2132440650697438
Cheltenham,10.349475152337096,%=CQC RequiresImprovement,↓,-3.803118151011597,House=Price Growth %,↓,-2.5685574042742267,%=CQC Inadequate,↓,-0.2577066308422908
Cherwell,13.540082276508803,%=CQC RequiresImprovement,↓,-8.44630330980153,House=Price Growth %,↑,3.330128038678656,%=CQC Good,↓,-1.0804329163023418
Cheshire East,16.199008672002897,House=Price Growth %,↑,3.8469759708029474,%=CQC RequiresImprovement,↑,3.644907999158585,%=CQC Good,↓,-0.5792969378536512
Cheshire West And Chester,,%=CQC RequiresImprovement,↑,4.853435552759981,House=Price Growth %,↓,-1.6758521585785504,%=CQC Inadequate,↑,0.8999045134512196
Chesterfield,15.225851482561062,%=CQC RequiresImprovement,↑,4.467139348291952,House=Price Growth %,↑,3.478091940541816,Percent=65plus,↑,0.3133361572637954
Chichester,14.470962397824056,%=CQC RequiresImprovement,↓,-4.2277271855226095,Percent=65plus,↑,1.2469513327991706,%=CQC Good,↓,-1.093790273744537
Chorley,14.977826945888555,%=CQC RequiresImprovement,↑,3.182256124197963,House=Price Growth %,↑,3.093144167373899,%=CQC Good,↓,-0.7736719847452489
Colchester,11.441241308310929,%=CQC RequiresImprovement,↑,3.1571276255131027,%=CQC Inadequate,↑,1.015663322553246,House=Price Growth %,↑,0.3830612850454932
Cornwall,17.222729030127184,House=Price Growth %,↑,3.7532803040756746,Percent=65plus,↑,0.6232586364758711,%=CQC RequiresImprovement,↓,-0.5759040417757366
Cotswold,17.79666792858448,%=CQC RequiresImprovement,↑,3.615511941012676,House=Price Growth %,↑,3.080499598497574,%=CQC Good,↓,-0.7768728601535378
County Durham,3.2511312199180296,House=Price Growth %,↓,-9.06092692552908,%=CQC RequiresImprovement,↓,-6.612328396581815,Total=Population,↓,-0.5367948882394202
Coventry,7.042983881687471,%=CQC RequiresImprovement,↑,10.00212860480271,House=Price Growth %,↓,-4.340861665840244,%=CQC Good,↑,2.619389316585388
Crawley,2.303793057202536,House=Price Growth %,↓,-8.563013361440552,%=CQC RequiresImprovement,↓,-8.010408128073836,%=CQC Good,↓,-1.898912542334275
Croydon,10.630636948266565,%=CQC RequiresImprovement,↓,-5.731366784068841,House=Price Growth %,↑,1.7406299198414936,%=CQC Good,↓,-1.245667622208743
Dacorum,11.81316028006677,%=CQC RequiresImprovement,↑,5.137656015719221,House=Price Growth %,↓,-1.5121892688345455,%=CQC Good,↑,0.3822592380012124
Darlington,6.970500217631541,House=Price Growth %,↓,-3.738846576893069,%=CQC RequiresImprovement,↓,-3.1037832055156613,Percent=65plus,↑,0.764398736120943
Dartford,4.426270011052521,%=CQC RequiresImprovement,↑,12.815758722200476,House=Price Growth %,↓,-7.306968287325136,%=CQC Good,↑,5.876354569431899
Derbyshire Dales,17.19120464414801,%=CQC RequiresImprovement,↓,-7.854682973613642,House=Price Growth %,↑,3.2947714240286547,%=CQC Good,↓,-1.3755011487300557
Doncaster,14.0027538734497,House=Price Growth %,↑,3.495697144444874,%=CQC Good,↓,-0.4904740409512108,%=CQC RequiresImprovement,↓,-0.3054796811548246
Dorset,16.46375883949813,%=CQC RequiresImprovement,↓,-2.508582023221262,House=Price Growth %,↑,2.1178137306323634,Percent=65plus,↑,0.9648500570371302
Dover,15.02185227041237,%=CQC RequiresImprovement,↑,3.591980626422655,House=Price Growth %,↑,2.421817059342488,Percent=65plus,↑,0.6646547088432158
Dudley,15.491361599221031,%=CQC RequiresImprovement,↑,8.916430578050056,House=Price Growth %,↑,3.837536510686284,%=CQC Good,↑,0.6482312310490329
Ealing,7.409706109424647,House=Price Growth %,↓,-4.964125806800237,%=CQC RequiresImprovement,↑,4.3122023959275735,%=CQC Good,↓,-1.2359422365612756
East Cambridgeshire,13.50432716260118,%=CQC RequiresImprovement,↓,-5.675317318797148,%=CQC Good,↓,-0.7099315296995509,%=CQC Outstanding,↓,-0.4178166846343022
East Devon,17.53477908748075,House=Price Growth %,↑,3.6420892071109536,%=CQC RequiresImprovement,↓,-3.189050588269023,Percent=65plus,↑,0.8224254243362
East Hampshire,14.637334881355324,%=CQC RequiresImprovement,↓,-2.4578493760872333,Percent=65plus,↑,0.8336665672895741,House=Price Growth %,↑,0.334002820905256
East Hertfordshire,11.287954353088752,%=CQC RequiresImprovement,↓,-6.6175499920897325,%=CQC Good,↓,-1.8590431752483736,House=Price Growth %,↓,-1.4311407587796254
East Lindsey,13.539239878386606,%=CQC RequiresImprovement,↑,4.39841386439645,House=Price Growth %,↓,-1.5515434388836773,Percent=65plus,↑,1.0595037498540285
East Riding Of Yorkshire,,%=CQC RequiresImprovement,↑,5.211569752668844,House=Price Growth %,↑,1.7573339463475333,Percent=65plus,↑,0.8325806282948287
East Staffordshire,7.292213026660566,House=Price Growth %,↓,-3.098071888765693,%=CQC RequiresImprovement,↓,-2.079271712462413,%=CQC Good,↓,-0.3287567261255946
East Suffolk,15.349254040820467,%=CQC RequiresImprovement,↓,-4.853669585339511,House=Price Growth %,↑,2.1919424506103304,Percent=65plus,↑,0.8656655108448833
Eastbourne,19.05751835646951,House=Price Growth %,↑,7.300322439691495,%=CQC RequiresImprovement,↓,-5.62675769254459,%=CQC Good,↓,-0.8345850963755134
Eastleigh,11.728515584791715,%=CQC RequiresImprovement,↑,3.635931286121898,%=CQC Good,↓,-0.988965744100124,House=Price Growth %,↓,-0.9246166978317945
Elmbridge,16.44584580466295,%=CQC RequiresImprovement,↑,4.583329225958208,House=Price Growth %,↑,2.367695983749587,%=CQC Good,↓,-0.3881390635649655
Enfield,10.495957256475489,House=Price Growth %,↓,-2.745856860409148,%=CQC RequiresImprovement,↑,0.892150014175041,%=CQC Good,↓,-0.827274517519528
Epping Forest,16.780238719204167,%=CQC RequiresImprovement,↑,5.238785753712209,House=Price Growth %,↑,3.979016119906965,%=CQC Good,↓,-0.7217996767436846
Epsom And Ewell,,%=CQC RequiresImprovement,↓,-6.175270659785692,%=CQC Good,↓,-1.3683502275035575,House=Price Growth %,↓,-0.6871492968506776
Erewash,15.09319874473898,%=CQC RequiresImprovement,↑,6.584796337015984,House=Price Growth %,↑,3.273321034369912,%=CQC Good,↓,-0.4075469995979311
Exeter,9.239688381375345,%=CQC RequiresImprovement,↓,-7.686973929547983,House=Price Growth %,↓,-2.081395141126216,%=CQC Good,↓,-1.048997760604792
Fareham,16.80003006267831,%=CQC RequiresImprovement,↑,4.112589762338967,House=Price Growth %,↑,3.0159800699612167,%=CQC Good,↓,-0.7761775785332876
Fenland,11.998298409193556,%=CQC RequiresImprovement,↓,-3.278600540580162,House=Price Growth %,↓,-1.0205099651536669,Percent=65plus,↑,0.8542001042935895
Folkestone And Hythe,,House=Price Growth %,↓,-3.876165375659178,%=CQC RequiresImprovement,↓,-3.144393134393624,Percent=65plus,↑,1.127454037806679
Forest Of Dean,,House=Price Growth %,↑,5.872332292864201,%=CQC RequiresImprovement,↓,-5.410240864820192,%=CQC Good,↓,-1.227548299307285
Fylde,13.468669076056235,%=CQC RequiresImprovement,↑,4.113611261846013,House=Price Growth %,↓,-1.0980082785288352,Percent=65plus,↑,1.0367918507500962
Gateshead,8.451571338607376,House=Price Growth %,↓,-3.474409390925063,%=CQC RequiresImprovement,↓,-3.462136922495772,Percent=65plus,↑,0.2525602838318908
Gedling,17.02558300445491,%=CQC RequiresImprovement,↓,-4.898621011301093,House=Price Growth %,↑,4.061159873292013,%=CQC Good,↓,-1.0490359147554635
Gloucester,14.232014058836686,%=CQC RequiresImprovement,↓,-5.521687395233069,House=Price Growth %,↑,3.4933889531087807,%=CQC Outstanding,↓,-0.740678712515318
Gosport,12.529921809357283,%=CQC RequiresImprovement,↓,-1.1867903223349212,%=CQC Good,↓,-0.9514356252309668,Percent=65plus,↑,0.515265284676087
Gravesham,16.904660164759857,%=CQC RequiresImprovement,↑,12.2518908839215,House=Price Growth %,↑,6.885739473003738,%=CQC Good,↑,6.292390037590409
Great Yarmouth,16.576719554901345,%=CQC RequiresImprovement,↑,10.474952742369224,House=Price Growth %,↑,5.155508176028359,%=CQC Good,↑,3.656678955695954
Greenwich,5.429631571439568,House=Price Growth %,↓,-10.221765370325892,%=CQC RequiresImprovement,↓,-5.005516127788727,Percent=65plus,↓,-1.3541281377515546
Guildford,11.098009062718909,%=CQC RequiresImprovement,↑,4.474845925370264,House=Price Growth %,↓,-2.005711138345397,%=CQC Good,↓,-0.5732905418303084
Hackney,5.836385925489432,House=Price Growth %,↓,-8.246379186999926,%=CQC RequiresImprovement,↓,-4.572751486407594,Percent=65plus,↓,-1.5120101199243297
Halton,20.7611113689718,%=CQC RequiresImprovement,↑,8.255930358831328,House=Price Growth %,↑,6.27676388970081,%=CQC Good,↑,2.070880647442571
Hammersmith And Fulham,,%=CQC RequiresImprovement,↓,-8.16169739995001,House=Price Growth %,↓,-3.71838886627602,%=CQC Good,↓,-1.895556131528611
Harborough,3.6105241947054063,House=Price Growth %,↓,-7.845099798646143,%=CQC RequiresImprovement,↑,4.868613630251109,%=CQC Good,↓,-1.3950778312048653
Haringey,9.26101447790223,%=CQC RequiresImprovement,↓,-6.144220525777534,House=Price Growth %,↓,-4.04925380151303,%=CQC Good,↓,-1.8971810941137492
Harlow,8.083378895415562,%=CQC RequiresImprovement,↑,5.693679245271963,House=Price Growth %,↓,-1.6051543769874776,Percent=65plus,↓,-0.6473243753706449
Harrow,14.502175405273343,%=CQC RequiresImprovement,↓,-8.91850209992564,House=Price Growth %,↑,3.00052591093038,%=CQC Good,↓,-1.6225295584958337
Hart,11.807889075377036,%=CQC Outstanding,↓,-0.4571228695384056,%=CQC Good,↑,0.4400965183227213,%=CQC RequiresImprovement,↓,-0.4223330411792089
Hartlepool,12.689017873642005,%=CQC RequiresImprovement,↓,-7.375700717971752,House=Price Growth %,↑,3.337312038910055,%=CQC Good,↓,-1.479951775924249
Hastings,16.00606179646363,House=Price Growth %,↑,4.372217187867824,%=CQC RequiresImprovement,↑,4.029245248732424,%=CQC Good,↓,-1.1232182200797047
Havant,14.531002033185604,%=CQC RequiresImprovement,↑,7.1245304152465945,House=Price Growth %,↑,2.2141769587591247,Percent=65plus,↑,0.6572724224352173
Havering,13.100705832290975,%=CQC RequiresImprovement,↓,-4.49893092229601,%=CQC Good,↓,-1.151413096760047,House=Price Growth %,↑,0.3372494280064932
Hertsmere,11.949999736447236,House=Price Growth %,↓,-2.197614966750894,GDHI=per head 2022,↑,0.3406584882235806,%=CQC Good,↓,-0.2197336830642937
High Peak,16.56783945082474,%=CQC RequiresImprovement,↑,11.797726078874852,%=CQC Good,↑,5.431225038754058,House=Price Growth %,↑,3.872899257063028
Hillingdon,8.242466321198826,%=CQC RequiresImprovement,↓,-6.928149436425568,House=Price Growth %,↓,-3.2564648932129474,%=CQC Good,↓,-1.859710174081956
Hinckley And Bosworth,,House=Price Growth %,↓,-4.483633447034582,%=CQC RequiresImprovement,↓,-3.212369328514635,%=CQC Good,↓,-1.11676885583798
Horsham,13.236390795970536,%=CQC RequiresImprovement,↓,-5.263847147493922,%=CQC Inadequate,↑,0.9594031183371704,House=Price Growth %,↑,0.9189307477785054
Hounslow,6.282085066908107,%=CQC RequiresImprovement,↑,5.115526498459275,House=Price Growth %,↓,-4.977786535272453,%=CQC Good,↑,2.6853895181238903
Huntingdonshire,11.527396983229808,%=CQC RequiresImprovement,↓,-2.531238466135884,House=Price Growth %,↓,-0.7427333224777404,%=CQC Good,↓,-0.4715303121956057
Hyndburn,14.478854556083997,%=CQC RequiresImprovement,↑,4.24735173202635,House=Price Growth %,↑,2.442646037953144,%=CQC Inadequate,↑,0.4173809490073737
Ipswich,7.691142270116146,%=CQC RequiresImprovement,↓,-5.002051021011289,House=Price Growth %,↓,-1.920052817577983,%=CQC Inadequate,↑,1.1764833103429533
Isle Of Wight,,%=CQC RequiresImprovement,↓,-7.967974324413253,House=Price Growth %,↑,4.202167991561061,%=CQC Good,↓,-1.3605529362490123
Isles Of Scilly,,%=CQC RequiresImprovement,↑,25.919634171952765,%=CQC Good,↑,13.426646219877073,House=Price Growth %,↑,4.136890643569278
Islington,3.877089645870474,House=Price Growth %,↓,-13.396184271438509,%=CQC RequiresImprovement,↓,-9.894056804850823,%=CQC Good,↓,-2.21357183813588
Kensington And Chelsea,,%=CQC RequiresImprovement,↓,-7.209694349475425,House=Price Growth %,↑,0.976895892472321,Percent=65plus,↓,-0.5961328261025384
King S Lynn And West Norfolk,,%=CQC RequiresImprovement,↑,7.701761892471049,House=Price Growth %,↓,-2.2420769196986456,%=CQC Good,↑,2.0467603211184384
Kingston Upon Hull City Of,,%=CQC RequiresImprovement,↑,5.668344171170983,House=Price Growth %,↓,-2.7040183587046065,%=CQC Good,↓,-0.8062556960209527
Kingston Upon Thames,,%=CQC RequiresImprovement,↓,-7.025312577008304,House=Price Growth %,↓,-3.0456600861859697,%=CQC Good,↓,-1.35970245211089
Kirklees,9.786156388857837,%=CQC RequiresImprovement,↑,3.2318785160972774,House=Price Growth %,↓,-2.430810849631087,%=CQC Good,↓,-0.944694863035588
Knowsley,20.46357970085901,House=Price Growth %,↑,7.297731117290828,%=CQC RequiresImprovement,↓,-2.788591141173927,%=CQC Good,↓,-0.7291320268634182
Lambeth,4.686632409537936,House=Price Growth %,↓,-5.776779695426894,%=CQC RequiresImprovement,↑,3.899695025532539,Percent=65plus,↓,-1.1977235722280473
Lancaster,14.2231819342745,House=Price Growth %,↑,4.05564977873285,%=CQC RequiresImprovement,↓,-1.0010573153164684,%=CQC Good,↓,-0.377280669400475
Leeds,11.491111857484148,%=CQC RequiresImprovement,↑,4.355178830996746,House=Price Growth %,↓,-1.6073214188097236,%=CQC Good,↓,-0.6957595666530723
Leicester,10.023308760367982,%=CQC RequiresImprovement,↑,4.055265216017563,Percent=65plus,↓,-1.2322311062112528,House=Price Growth %,↓,-1.199094568890832
Lewes,16.99497212707368,%=CQC RequiresImprovement,↑,4.357025506161976,House=Price Growth %,↑,2.4507230768628143,%=CQC Good,↓,-0.9471993646805656
Lewisham,9.511949857752686,%=CQC RequiresImprovement,↓,-6.215794010408437,%=CQC Good,↓,-1.654230263565977,House=Price Growth %,↓,-1.6327529627318798
Lichfield,6.716487179785775,%=CQC RequiresImprovement,↑,6.80101638797534,House=Price Growth %,↓,-4.794742549358387,Percent=65plus,↑,0.5772186426779966
Lincoln,11.535317566819906,%=CQC RequiresImprovement,↑,8.54804526659515,House=Price Growth %,↑,3.9458281316957793,%=CQC Good,↑,1.6018373658192793
Liverpool,10.380875070030028,%=CQC RequiresImprovement,↑,7.327328180941524,%=CQC Good,↑,1.8027866961675485,House=Price Growth %,↑,1.172203116703434
Luton,10.504069630556328,%=CQC RequiresImprovement,↑,9.683687280580733,%=CQC Good,↑,2.097491860265182,House=Price Growth %,↑,1.6977075551051797
Maidstone,4.905533477695972,%=CQC RequiresImprovement,↓,-6.1223654970274,House=Price Growth %,↓,-3.744738271232088,%=CQC Inadequate,↑,0.8771033201778
Maldon,15.359364775802383,House=Price Growth %,↑,3.982266444560628,%=CQC RequiresImprovement,↓,-2.32691137597956,%=CQC Inadequate,↑,1.183577282322719
Malvern Hills,18.42934251672689,%=CQC RequiresImprovement,↑,6.408935153545952,House=Price Growth %,↑,3.1139096144410976,Percent=65plus,↑,0.814646293159954
Manchester,9.69688311179208,%=CQC RequiresImprovement,↑,3.1771487887044065,Percent=65plus,↓,-1.1187683458416051,%=CQC Good,↓,-0.751625246704399
Mansfield,13.289454739988106,%=CQC RequiresImprovement,↓,-7.405427502645629,House=Price Growth %,↑,2.1779168989216435,%=CQC Outstanding,↓,-0.8022907865832094
Medway,8.175947136546753,%=CQC RequiresImprovement,↑,5.185235100827118,House=Price Growth %,↓,-3.4348140089098265,%=CQC Good,↑,2.2599439770566754
Melton,4.60917552713742,%=CQC RequiresImprovement,↑,6.984292567462235,House=Price Growth %,↓,-5.1031681655443935,%=CQC Good,↑,3.630079102203379
Merton,11.911495593515824,%=CQC RequiresImprovement,↓,-8.352016832366937,House=Price Growth %,↑,2.9365566836633854,%=CQC Good,↓,-1.613088286469594
Mid Devon,14.581833535591237,House=Price Growth %,↑,3.2436043252968743,Percent=65plus,↑,0.5825072383194305,%=CQC Outstanding,↓,-0.541836117407581
Mid Suffolk,17.750571409638066,%=CQC RequiresImprovement,↑,5.303341715506492,House=Price Growth %,↑,3.6224088537154215,%=CQC Good,↑,2.1335047554894477
Mid Sussex,14.978460226037356,%=CQC RequiresImprovement,↓,-5.810447219174043,House=Price Growth %,↑,2.6611147190061684,%=CQC Inadequate,↑,0.4773028753800304
Middlesbrough,6.0728452203737655,%=CQC RequiresImprovement,↓,-4.294546873085889,House=Price Growth %,↓,-3.4521934253401545,Percent=65plus,↓,-0.4321270988316856
Milton Keynes,10.853312724630133,%=CQC RequiresImprovement,↓,-4.458901818873005,House=Price Growth %,↑,2.7222112836734342,Percent=65plus,↓,-0.8256981388913062
Mole Valley,15.109352672289775,%=CQC RequiresImprovement,↑,3.822192889683613,Percent=65plus,↑,0.8777398926224733,House=Price Growth %,↓,-0.7849507261287733
New Forest,16.329585311356496,%=CQC RequiresImprovement,↓,-2.751147492575714,House=Price Growth %,↑,2.1955933043871605,Percent=65plus,↑,0.9156744035081203
Newark And Sherwood,,House=Price Growth %,↑,4.272337834179514,%=CQC RequiresImprovement,↓,-2.436628287389482,Percent=65plus,↑,0.5284976379729664
Newcastle Under Lyme,,%=CQC RequiresImprovement,↑,3.147676701073541,House=Price Growth %,↑,2.9815283894859537,%=CQC Good,↓,-1.2938441309410724
Newcastle Upon Tyne,,House=Price Growth %,↓,-4.95763863543994,%=CQC RequiresImprovement,↓,-0.5232877619550418,Percent=65plus,↓,-0.5079718839336719
Newham,-5.697709517629295,House=Price Growth %,↓,-16.169406398455802,%=CQC RequiresImprovement,↓,-9.91076538745913,Percent=65plus,↓,-2.1977380283980223
North Devon,18.50084517340217,House=Price Growth %,↑,4.506066030064496,%=CQC RequiresImprovement,↑,3.333828745788098,Percent=65plus,↑,0.7038206941958802
North East Derbyshire,13.207608468495373,%=CQC RequiresImprovement,↑,7.666584836242002,Percent=65plus,↑,0.8615713501123342,%=CQC Good,↑,0.6964345089902934
North East Lincolnshire,12.11843280375726,%=CQC RequiresImprovement,↓,-4.316773787343918,House=Price Growth %,↑,0.4302166241411173,%=CQC Outstanding,↓,-0.4271698966943997
North Hertfordshire,12.418985080687506,%=CQC RequiresImprovement,↑,4.37906551201887,House=Price Growth %,↓,-1.0646913671914455,%=CQC Good,↓,-0.6373371856145602
North Kesteven,13.396548264706958,%=CQC RequiresImprovement,↓,-2.652788486970164,House=Price Growth %,↑,1.3772293275127665,%=CQC Outstanding,↓,-0.5425623789925499
North Lincolnshire,13.49252684065376,%=CQC RequiresImprovement,↑,4.043838849442897,House=Price Growth %,↑,0.4700015239053404,%=CQC Outstanding,↓,-0.452643486244098
North Norfolk,19.17199109527391,%=CQC RequiresImprovement,↑,8.687456835342374,House=Price Growth %,↑,3.84410298665736,%=CQC Good,↑,1.8503800987596288
North Northamptonshire,2.473580347234324,House=Price Growth %,↓,-5.976580829298336,%=CQC RequiresImprovement,↓,-1.961214810068935,Total=Population,↓,-0.3335936127144423
North Somerset,16.10528161337296,House=Price Growth %,↑,3.3945322136271163,%=CQC RequiresImprovement,↓,-2.510589636947163,%=CQC Good,↓,-0.9142961526870554
North Tyneside,13.060128980489717,%=CQC RequiresImprovement,↓,-2.3470943085446416,%=CQC Inadequate,↑,0.5953717463880285,Percent=65plus,↑,0.5554076191489916
North Warwickshire,10.710328750178729,%=CQC RequiresImprovement,↑,2.9616109266053465,House=Price Growth %,↓,-1.4991407700931565,%=CQC Good,↓,-1.413918274627107
North West Leicestershire,13.92329588247006,%=CQC RequiresImprovement,↑,10.270188751904502,House=Price Growth %,↑,3.331734896383624,%=CQC Good,↑,1.6365288310635446
Northumberland,13.665303256807336,%=CQC RequiresImprovement,↓,-1.7645129190983568,Percent=65plus,↑,1.0055653013276302,%=CQC Good,↓,-0.2842027451123675
Norwich,9.099050204400488,%=CQC RequiresImprovement,↑,8.437430517960953,House=Price Growth %,↓,-3.687079221214903,%=CQC Good,↑,3.0329177826436067
Nuneaton And Bedworth,,%=CQC RequiresImprovement,↑,3.356939769671978,%=CQC Good,↓,-1.3310719923702243,House=Price Growth %,↓,-0.8381324334827552
Oadby And Wigston,,%=CQC RequiresImprovement,↓,-4.314458949059276,%=CQC Good,↓,-0.8668621137519071,%=CQC Inadequate,↓,-0.2827324514058159
Oldham,17.131773537706444,House=Price Growth %,↑,5.254343607511743,%=CQC Good,↓,-1.0557133023478862,%=CQC RequiresImprovement,↓,-0.5568757402374704
Oxford,3.682980003821849,%=CQC RequiresImprovement,↓,-5.088904389568497,House=Price Growth %,↓,-4.899222536609818,Percent=65plus,↓,-1.824649859176758
Pendle,13.218372017346288,House=Price Growth %,↑,4.104993650867173,%=CQC RequiresImprovement,↑,3.151708761519294,%=CQC Good,↓,-1.56285941283799
Portsmouth,9.75850388803695,%=CQC RequiresImprovement,↑,4.321998651839177,House=Price Growth %,↓,-4.238896020632823,%=CQC Good,↓,-1.1318096087617109
Preston,10.260544007474898,%=CQC RequiresImprovement,↑,3.1242933664810386,House=Price Growth %,↓,-1.4504014118221138,%=CQC Good,↓,-1.1446093476826502
Reading,12.07484126460741,%=CQC RequiresImprovement,↑,4.861957904635009,House=Price Growth %,↑,2.924232485483136,Percent=65plus,↓,-1.3321904406809135
Redbridge,11.6338923537107,%=CQC RequiresImprovement,↓,-5.391027541550686,House=Price Growth %,↑,3.737858882262803,%=CQC Good,↓,-1.3851809502719277
Redcar And Cleveland,,%=CQC RequiresImprovement,↓,-5.450962213092396,House=Price Growth %,↑,3.4364431199878247,%=CQC Good,↓,-1.3506913720003892
Redditch,17.703153298408015,House=Price Growth %,↑,6.946109311562839,%=CQC RequiresImprovement,↓,-6.30675479742539,%=CQC Good,↓,-0.9830459508013552
Reigate And Banstead,,House=Price Growth %,↓,-4.198627407169223,%=CQC RequiresImprovement,↑,3.767776551550662,%=CQC Good,↓,-0.8185330897233994
Ribble Valley,17.090359551970575,House=Price Growth %,↑,4.674239159880657,%=CQC RequiresImprovement,↓,-2.728694839533832,%=CQC Good,↓,-1.2399091159814988
Richmond Upon Thames,,%=CQC RequiresImprovement,↓,-7.472863366804303,%=CQC Good,↓,-1.7391170598515264,House=Price Growth %,↑,0.8574591232676677
Rochdale,18.089117625270223,%=CQC RequiresImprovement,↑,8.712251720397047,House=Price Growth %,↑,5.55283270183176,%=CQC Good,↑,1.3014955106767887
Rochford,9.451935642668198,%=CQC RequiresImprovement,↑,8.230122917096281,House=Price Growth %,↓,-3.517375577944357,%=CQC Good,↑,1.841356031494815
Rossendale,18.613122151572437,House=Price Growth %,↑,6.0490326554536615,%=CQC RequiresImprovement,↑,4.598869716669896,%=CQC Good,↓,-0.828581399394511
Rother,20.13365436765688,%=CQC RequiresImprovement,↓,-5.976141976880203,House=Price Growth %,↑,5.354535204024539,%=CQC Good,↓,-1.393277753099703
Rotherham,17.01940807645294,House=Price Growth %,↑,3.7308879435269775,%=CQC RequiresImprovement,↑,2.6539605959579253,%=CQC Good,↓,-0.8137673143935417
Rugby,14.539070811719904,House=Price Growth %,↑,3.6905248116569056,%=CQC Good,↓,-0.9336602012314456,%=CQC Inadequate,↓,-0.1660184889887097
Runnymede,4.553092166980636,House=Price Growth %,↓,-5.7417621986023,%=CQC RequiresImprovement,↓,-3.567145122180647,%=CQC Good,↓,-1.1545759058666296
Rushcliffe,13.017668888935184,%=CQC RequiresImprovement,↓,-4.3988317506962575,Percent=65plus,↑,0.677139063403951,House=Price Growth %,↓,-0.6359059815494592
Rushmoor,11.137370664593238,%=CQC RequiresImprovement,↓,-6.300109102901574,House=Price Growth %,↑,2.265644095232761,Percent=65plus,↓,-0.7974058861335876
Rutland,19.89384914555214,%=CQC RequiresImprovement,↑,4.728119496921377,House=Price Growth %,↑,4.309760385379934,%=CQC Good,↓,-0.77698670902823
Salford,9.985287953274964,%=CQC RequiresImprovement,↑,2.7300427997299,House=Price Growth %,↑,2.0288218885560525,%=CQC Good,↓,-1.4973739944360431
Sandwell,13.256901765758096,%=CQC RequiresImprovement,↑,5.827567990524053,House=Price Growth %,↑,3.450660542619248,%=CQC Good,↓,-0.7423985573522328
Sefton,13.41375281472146,House=Price Growth %,↓,-0.6964358474435829,Percent=65plus,↑,0.6301103485150341,%=CQC Good,↓,-0.562624352218051
Sevenoaks,14.277007039666769,%=CQC RequiresImprovement,↓,-2.794487959561488,Percent=65plus,↑,0.6929688064735632,%=CQC Outstanding,↓,-0.4399824660111431
Sheffield,17.392051287171604,House=Price Growth %,↑,6.4008866913900055,%=CQC RequiresImprovement,↓,-3.006614561375532,%=CQC Good,↓,-0.8022228859600525
Shropshire,17.128114605394693,%=CQC RequiresImprovement,↑,4.224632778558726,House=Price Growth %,↑,2.996817712932668,Percent=65plus,↑,0.7082762411741714
Slough,5.184472965308392,%=CQC RequiresImprovement,↑,8.81335920418441,House=Price Growth %,↓,-3.678162638994297,%=CQC Good,↑,1.9179591278022212
Solihull,11.6774775795621,%=CQC RequiresImprovement,↓,-5.726004608595741,%=CQC Good,↓,-1.6242455694877718,House=Price Growth %,↓,-0.8364767249702219
South Cambridgeshire,13.165354348803518,%=CQC RequiresImprovement,↓,-8.224436466401977,%=CQC Good,↓,-1.3198773703255062,%=CQC Outstanding,↓,-0.6310723526246038
South Derbyshire,14.713557870982168,%=CQC RequiresImprovement,↓,-4.988410778704892,House=Price Growth %,↑,3.9905619630548874,%=CQC Good,↓,-1.036938058521535
South Gloucestershire,11.493452547200754,%=CQC RequiresImprovement,↓,-5.005509459403943,House=Price Growth %,↓,-1.2164894573548384,%=CQC Outstanding,↓,-0.491756244889395
South Hams,17.754446530317225,%=CQC RequiresImprovement,↑,6.983978575738019,House=Price Growth %,↑,3.244586573891827,Percent=65plus,↑,0.7907882105019128
South Holland,16.441709383965936,%=CQC RequiresImprovement,↑,6.848340903900251,House=Price Growth %,↑,3.155602384762037,Percent=65plus,↑,0.5750801848615008
South Kesteven,12.621989782099051,%=CQC RequiresImprovement,↓,-4.423056170021795,House=Price Growth %,↓,-0.9144545098578002,Percent=65plus,↑,0.8275804598422627
South Norfolk,15.88260740248355,House=Price Growth %,↑,4.39597905709888,%=CQC RequiresImprovement,↓,-2.526250560422648,Percent=65plus,↑,0.6932798560167626
South Oxfordshire,9.228938423729048,%=CQC RequiresImprovement,↓,-5.363055334165039,House=Price Growth %,↓,-2.436390193784542,Percent=65plus,↑,0.619137471761349
South Ribble,11.801055370996744,%=CQC RequiresImprovement,↓,-6.386066454892982,%=CQC Good,↓,-1.6113413077558794,House=Price Growth %,↓,-0.6606319523278451
South Staffordshire,13.851966539872432,%=CQC RequiresImprovement,↓,-7.877936036306429,%=CQC Good,↓,-1.8862161242078024,Percent=65plus,↑,0.9999594194294288
South Tyneside,1.0105829362867396,House=Price Growth %,↓,-10.907562902869149,%=CQC RequiresImprovement,↓,-6.350417820091472,%=CQC Good,↓,-1.155007723124911
Southampton,9.994376988085556,%=CQC RequiresImprovement,↓,-1.5241075304227367,Percent=65plus,↓,-0.9966520893488824,House=Price Growth %,↓,-0.6904781568234172
Southend On Sea,,%=CQC RequiresImprovement,↓,-2.3637219569878742,House=Price Growth %,↑,1.9681860222302028,%=CQC Good,↓,-0.7287575069484264
Southwark,2.448419719921022,House=Price Growth %,↓,-10.12120858492298,%=CQC RequiresImprovement,↓,-1.4102479057817634,Percent=65plus,↓,-1.3636222402634144
Spelthorne,5.348311218287679,House=Price Growth %,↓,-5.13943330781067,%=CQC RequiresImprovement,↓,-2.555377152713123,%=CQC Good,↑,1.2932403189814552
St Albans,17.530145275503813,House=Price Growth %,↑,5.516495768717532,%=CQC RequiresImprovement,↓,-4.057210806142517,%=CQC Inadequate,↑,1.0249969541733115
St Helens,,House=Price Growth %,↑,6.391503227329864,%=CQC RequiresImprovement,↓,-5.266228586685839,%=CQC Good,↓,-1.0019769228520352
Stafford,14.722567677223036,%=CQC RequiresImprovement,↑,6.983453173691984,House=Price Growth %,↑,3.021621431092638,%=CQC Good,↑,1.101814434946513
Staffordshire Moorlands,15.82926008888264,%=CQC RequiresImprovement,↑,11.426395696821128,%=CQC Good,↑,5.682327312428331,House=Price Growth %,↑,3.392649436502761
Stevenage,9.235507737801075,%=CQC RequiresImprovement,↓,-3.8049284930542657,House=Price Growth %,↓,-2.062235674921323,%=CQC Good,↓,-1.1779300726009023
Stockport,13.33040840905094,%=CQC RequiresImprovement,↑,5.820910431847276,House=Price Growth %,↓,-1.2397320551383906,%=CQC Good,↑,0.3726712375049522
Stockton On Tees,,%=CQC RequiresImprovement,↓,-6.6138824663513125,House=Price Growth %,↓,-1.914522686951793,%=CQC Good,↓,-1.393070969541882
Stoke On Trent,,%=CQC RequiresImprovement,↑,4.317652596830496,House=Price Growth %,↓,-1.699424337674346,%=CQC Good,↓,-0.6035162564570077
Stratford On Avon,,%=CQC RequiresImprovement,↓,-3.1859736295225782,House=Price Growth %,↓,-2.313855632349999,Percent=65plus,↑,1.2565559054643798
Stroud,15.75221692333346,House=Price Growth %,↑,3.714582745133938,%=CQC Good,↓,-1.0290855263311132,Percent=65plus,↑,0.5234309033670375
Sunderland,3.1151601923079077,House=Price Growth %,↓,-10.118381620872904,%=CQC RequiresImprovement,↓,-8.602642014763516,%=CQC Good,↓,-1.9373522559030367
Surrey Heath,9.910614416346212,%=CQC RequiresImprovement,↓,-7.315322440891907,House=Price Growth %,↓,-2.2583920942905347,%=CQC Good,↓,-1.8212727729156208
Sutton,11.927976591924637,%=CQC RequiresImprovement,↓,-8.339656368903277,%=CQC Good,↓,-1.902175234974284,House=Price Growth %,↓,-1.1226461959980694
Swale,9.163638424800446,%=CQC RequiresImprovement,↓,-4.763516746897644,House=Price Growth %,↓,-2.8265482176167884,%=CQC Good,↓,-0.888193129749364
Swindon,14.407861467549832,House=Price Growth %,↑,4.100604364525501,%=CQC RequiresImprovement,↓,-2.794080788174813,%=CQC Outstanding,↓,-0.4720627361582009
Tameside,16.62062260965436,%=CQC RequiresImprovement,↑,9.617467812791569,House=Price Growth %,↑,5.260953125932857,%=CQC Good,↑,2.940756133890757
Tamworth,14.966901289663406,House=Price Growth %,↑,4.392032470469632,%=CQC RequiresImprovement,↑,3.929133128854046,%=CQC Good,↓,-1.457044680704768
Tandridge,12.781995422592262,%=CQC RequiresImprovement,↓,-3.4185540418452467,%=CQC Inadequate,↑,1.616476869656459,Percent=65plus,↑,0.723222435910403
Teignbridge,15.347777806121648,%=CQC RequiresImprovement,↓,-7.974751009347348,House=Price Growth %,↑,2.9100856385916054,%=CQC Good,↓,-1.2659868063911022
Tendring,13.418496194584524,%=CQC RequiresImprovement,↓,-4.619839508163244,Percent=65plus,↑,1.2989183398105248,%=CQC Good,↓,-1.099810951337284
Test Valley,14.99061955449245,House=Price Growth %,↑,2.923745803849921,%=CQC RequiresImprovement,↑,2.7204801904761737,%=CQC Good,↓,-0.8093942052745859
Tewkesbury,12.746488842332068,%=CQC RequiresImprovement,↓,-1.3262453511041066,House=Price Growth %,↑,0.6265847831130965,Percent=65plus,↑,0.480554939826991
Thanet,14.33224459673168,%=CQC RequiresImprovement,↓,-1.6896595971904351,House=Price Growth %,↑,1.4749258300368282,Percent=65plus,↑,0.5586794132824697
Three Rivers,15.96070713062088,House=Price Growth %,↑,4.026998469097317,%=CQC RequiresImprovement,↑,0.6724318961507458,%=CQC Inadequate,↑,0.5365631786425547
Thurrock,7.8470780276271554,House=Price Growth %,↓,-4.8516136291191945,%=CQC RequiresImprovement,↑,4.035406563085357,Percent=65plus,↓,-1.0750817019298378
Tonbridge And Malling,,%=CQC RequiresImprovement,↓,-4.639913448667458,House=Price Growth %,↓,-1.1595049855938138,%=CQC Good,↓,-0.7109330034974279
Torbay,16.829768494030457,House=Price Growth %,↑,2.5029552049725,Percent=65plus,↑,0.7017570665413596,%=CQC Good,↓,-0.6319267946682586
Torridge,16.87323071366599,%=CQC RequiresImprovement,↓,-6.3273406205448905,House=Price Growth %,↑,3.669135346537917,%=CQC Good,↓,-1.3582252771934356
Tower Hamlets,-4.943316909590798,House=Price Growth %,↓,-10.77115830687221,%=CQC RequiresImprovement,↓,-7.546546835269022,%=CQC Good,↓,-1.9075917916948053
Trafford,10.681906684504746,%=CQC RequiresImprovement,↓,-4.748586320900399,House=Price Growth %,↓,-1.83197181068401,%=CQC Outstanding,↓,-0.3498747273912803
Tunbridge Wells,5.604414479851051,House=Price Growth %,↓,-5.902275343909647,%=CQC RequiresImprovement,↓,-3.4241021404085363,%=CQC Good,↓,-1.108734738583533
Uttlesford,13.415682679513653,%=CQC Good,↓,-0.9677917170139786,House=Price Growth %,↓,-0.4855943174387951,Percent=65plus,↑,0.2875477407142762
Vale Of White Horse,,%=CQC RequiresImprovement,↑,3.731914315725378,House=Price Growth %,↓,-2.659093918773128,%=CQC Good,↓,-0.7141398613242307
Wakefield,9.375732982736372,%=CQC RequiresImprovement,↑,4.466542473905017,House=Price Growth %,↓,-2.553204165830214,%=CQC Good,↓,-0.7127233641381568
Walsall,12.37852543072094,%=CQC RequiresImprovement,↑,4.018371135205036,House=Price Growth %,↓,-1.1764844828863643,%=CQC Good,↓,-0.614296798595587
Waltham Forest,10.73359448607498,%=CQC RequiresImprovement,↓,-7.027504130868814,House=Price Growth %,↓,-3.561350474810425,%=CQC Good,↓,-1.854694194674119
Wandsworth,13.206060252865033,%=CQC RequiresImprovement,↓,-8.602472618333323,%=CQC Good,↓,-1.8874334362409004,Percent=65plus,↓,-1.5117796463143895
Warrington,16.629908502810324,House=Price Growth %,↑,5.987525154838715,%=CQC RequiresImprovement,↓,-3.0118150820610423,%=CQC Good,↓,-0.3627009539081771
Warwick,9.354465024493964,%=CQC RequiresImprovement,↓,-4.3990929343410645,House=Price Growth %,↓,-2.2354976942845703,%=CQC Good,↓,-1.1244843366637136
Watford,11.6804658470497,%=CQC RequiresImprovement,↑,11.615736612657528,%=CQC Good,↑,4.613447497534703,House=Price Growth %,↑,4.500502287172734
Waverley,14.922356632093638,House=Price Growth %,↑,2.3751972101574577,%=CQC Good,↓,-0.404976846950452,%=CQC RequiresImprovement,↑,0.3760974702320226
Wealden,15.42308718801558,House=Price Growth %,↑,1.3046043477605411,%=CQC RequiresImprovement,↓,-1.248133821033916,Percent=65plus,↑,0.9397095339691656
Welwyn Hatfield,11.261717988758807,%=CQC RequiresImprovement,↑,4.26338912596904,House=Price Growth %,↓,-1.5791573847768594,%=CQC Good,↓,-1.2585185145152646
West Berkshire,14.363646552439622,%=CQC RequiresImprovement,↓,-6.215050472366623,House=Price Growth %,↑,3.210761789641428,%=CQC Good,↓,-1.17546563422742
West Devon,16.280739245090185,House=Price Growth %,↑,3.5843417496259096,%=CQC RequiresImprovement,↓,-3.5316557564915825,Percent=65plus,↑,0.9012100999909988
West Lancashire,18.221439463650555,House=Price Growth %,↑,5.080674548238312,%=CQC RequiresImprovement,↑,5.021789431503496,%=CQC Good,↑,2.1751063338334724
West Lindsey,13.731941873581956,%=CQC RequiresImprovement,↑,6.009151317134007,%=CQC Good,↑,1.350766802652378,House=Price Growth %,↓,-0.916493033809124
West Northamptonshire,-2.253952645435337,%=CQC RequiresImprovement,↑,6.813940944413656,House=Price Growth %,↓,-5.080447152074927,%=CQC Good,↑,2.1659632843239
West Oxfordshire,15.734538270156085,House=Price Growth %,↑,4.266766414846956,%=CQC RequiresImprovement,↓,-1.4840572816674196,%=CQC Good,↓,-0.5185132896527257
West Suffolk,2.7920794757627805,%=CQC RequiresImprovement,↑,9.000244069288467,House=Price Growth %,↓,-8.83317412472048,%=CQC Good,↑,2.4267486320636342
Wiltshire,13.345287712613407,%=CQC RequiresImprovement,↑,2.86342448350107,%=CQC Good,↓,-1.2517980987097073,House=Price Growth %,↓,-0.7075032799456175
Winchester,12.524148258024734,%=CQC RequiresImprovement,↑,3.860848012774469,House=Price Growth %,↓,-0.810971734933399,%=CQC Outstanding,↓,-0.5678311129204878
Windsor And Maidenhead,,%=CQC RequiresImprovement,↑,4.881511341596704,House=Price Growth %,↑,1.731842226362072,%=CQC Good,↑,1.328707750247221
Wirral,15.129268196370193,%=CQC RequiresImprovement,↑,8.018445283110836,House=Price Growth %,↑,2.0369707558700165,%=CQC Good,↑,1.6608599406877262
Woking,13.978945078218269,%=CQC RequiresImprovement,↓,-5.203427538494592,House=Price Growth %,↑,3.694921295266967,%=CQC Good,↓,-1.1128299611718266
Wokingham,11.874328375223286,%=CQC RequiresImprovement,↓,-3.2249719564810757,House=Price Growth %,↓,-1.2068776771131229,%=CQC Good,↑,0.4386984806821238
Wolverhampton,15.829159079899378,%=CQC RequiresImprovement,↑,8.80154723985571,House=Price Growth %,↑,4.99995454551035,%=CQC Good,↑,1.486227879936706
Worcester,6.866609878887526,House=Price Growth %,↓,-4.090066111495207,%=CQC RequiresImprovement,↓,-3.649793495108678,%=CQC Good,↓,-0.6427030056119029
Worthing,15.499434639642832,House=Price Growth %,↑,3.2624930691216,%=CQC Good,↓,-0.7153070739973503,%=CQC RequiresImprovement,↓,-0.4820425737144519
Wychavon,15.779212023396587,%=CQC RequiresImprovement,↓,-6.969296567243632,House=Price Growth %,↑,3.079701678270774,%=CQC Good,↓,-1.1796389157386695
Wyre,14.80690858637222,%=CQC RequiresImprovement,↓,-4.383990685538747,House=Price Growth %,↑,3.068268828844841,%=CQC Inadequate,↑,1.008608842049995
Wyre Forest,13.572840138116767,%=CQC RequiresImprovement,↑,4.3029342358942575,House=Price Growth %,↓,-0.9586331330375508,Percent=65plus,↑,0.919053347614592
York,19.74275527034544,House=Price Growth %,↑,6.552855942475334,%=CQC RequiresImprovement,↑,4.653613837112439,%=CQC Good,↓,-0.5912356988580011
